{
    "colectii":[
    {
        "colectie":"batik",
        "descriere":"Delicate Irises, intricately made in soft shades, look particularly elegantly framed by a simple ornament of interlacing lines.",
        "img":["batik1.jpg", "batik2.jpg"],
        "elemente":[{
            "id":"052",
            "categorie":"faianta",
            "culoare":"violet",
            "img":"1.jpg",
            "dimensiuni":"23x50", 
        },
        {
            "id":"071",
            "categorie":"gresie",
            "culoare":"light_gray",
            "img":"2.jpg",
            "dimensiuni":"23x50",
        },
        {
            "id":"071",
            "categorie":"brau",
            "culoare":None,
            "img":"3.jpg",
            "dimensiuni":"7x50",
        },
        {
            "id":"071",
            "categorie":"decor",
            "culoare":None,
            "img":"4.jpg",
            "dimensiuni":"46x50",
        },
        {
            "id":"052",
            "categorie":"gresie",
            "culoare":"violet",
            "img":"5.jpg",
            "dimensiuni":"43x43",
        },
        ],
    },
    {
        "colectie":"arabesco",
        "descriere":"The nobility of natural marble and classic floral design are filled with surprising lightness and freshness thanks to floral motifs, once filled with the rich colors once laconically outlined with pencil.",
        "img":["arabesco1.jpg", "arabesco2.jpg"],
        "elemente":[{
            "id":"2360 131 061",
            "categorie":"faianta",
            "culoare":"gray",
            "img":"6.jpg",
            "dimensiuni":"23x60",
        },
        {
            "id":"2360 131 061-1",
            "categorie":"faianta",
            "culoare":"light_gray",
            "img":"7.jpg",
            "dimensiuni":"23x60",
        },
        {
            "id":"2360 131 061-2",
            "categorie":"faianta",
            "culoare":"gri",
            "img":"8.jpg",
            "dimensiuni":"23x60",
        },
        {
            "id":"brau 131 061",
            "categorie":"brau",
            "culoare":"white",
            "img":"9.jpg",
            "dimensiuni":"8,2x23",
        },
        {
            "id":"brau2 131 061",
            "categorie":"brau",
            "culoare":"white",
            "img":"10.jpg",
            "dimensiuni":"23x6",
        },
        ],
    },
    {
        "colectie":"metalico",
        "descriere":"Mystique shimmering of halftones, warm pearly glow and refined touch of floral motifs put this collection on the facet where the delicacy of original nature and perfection of the treated metal are harmoniously connected.",
        "img":["metalico1.jpg", "metalico2.jpg"],
        "elemente":[{
            "id":"052",
            "categorie":"faianta",
            "culoare":"violet",
            "img":"11.jpg",
            "dimensiuni":"23x50",
        },
        {
            "id":"071",
            "categorie":"faianta",
            "culoare":"light_gray",
            "img":"12.jpg",
            "dimensiuni":"23x50",
        },
        {
            "id":"051",
            "categorie":"brau",
            "culoare":None,
            "img":"13.jpg",
            "dimensiuni":"7x50",
        },
        {
            "id":"051",
            "categorie":"decor",
            "culoare":None,
            "img":"14.jpg",
            "dimensiuni":"46x50",
        },
        {
            "id":"052",
            "categorie":"gresie",
            "culoare":"violet",
            "img":"15.jpg",
            "dimensiuni":"43x43",
        },
        ],
    },
    ],
}
